{
  "Gryffindor": {
    "emoji": "🔥",
    "description": "You enter a warm common room, decorated in red and gold. A fire crackles in the fireplace, and students laugh together on the sofas.",
    "installation_message": "✨ Courage and loyalty are held in high regard here. Welcome to the House of Lions!",
    "colors": ["red", "gold"],
    "traits": ["courage", "bravery", "loyalty"],
    "bonus_attributs": {
      "courage": 2,
      "loyalty": 1
    }
  },
  "Slytherin": {
    "emoji": "🐍",
    "description": "You discover a vaulted common room, illuminated by the green glow of the lake. Students watch you with curiosity and respect.",
    "installation_message": "✨ Cunning and ambition are your allies. Welcome to the noble House of Slytherin.",
    "colors": ["green", "silver"],
    "traits": ["cunning", "ambition", "determination"],
    "bonus_attributs": {
      "ambition": 2,
      "intelligence": 1
    }
  },
  "Hufflepuff": {
    "emoji": "🌻",
    "description": "You enter a cozy room, with walls covered in plants and magical herbs. The atmosphere is peaceful and welcoming.",
    "installation_message": "✨ Patience and hard work are your greatest strengths. Welcome to Hufflepuff!",
    "colors": ["yellow", "black"],
    "traits": ["hard work", "patience", "loyalty"],
    "bonus_attributs": {
      "loyalty": 2,
      "courage": 1
    }
  },
  "Ravenclaw": {
    "emoji": "📘",
    "description": "You arrive in a bright room, filled with books and enchanted maps. Discussions are already underway about Professor Flitwick's next riddle.",
    "installation_message": "✨ Wisdom and curiosity will guide you. Welcome to the scholars of Ravenclaw.",
    "colors": ["blue", "bronze"],
    "traits": ["intelligence", "creativity", "curiosity"],
    "bonus_attributs": {
      "intelligence": 2,
      "ambition": 1
    }
  }
}
