[
    {
        "name": "Lumos",
        "description": "Makes the tip of the wand shine with light.",
        "type": "Utility"
    },
    {
        "name": "Nox",
        "description": "Extinguishes the light produced by Lumos.",
        "type": "Utility"
    },
    {
        "name": "Alohomora",
        "description": "Unlocks doors and locked objects.",
        "type": "Utility"
    },
    {
        "name": "Wingardium Leviosa",
        "description": "Levitates objects.",
        "type": "Utility"
    },
    {
        "name": "Lumos Solem",
        "description": "Produces an intense light simulating sunlight.",
        "type": "Utility"
    },
    {
        "name": "Aparecium",
        "description": "Reveals invisible ink.",
        "type": "Utility"
    },
    {
        "name": "Obliviate",
        "description": "Erases specific memories from a person's mind.",
        "type": "Utility"
    },
    {
        "name": "Accio",
        "description": "Summons objects towards the caster.",
        "type": "Utility"
    },
    {
        "name": "Reparo",
        "description": "Repairs broken objects.",
        "type": "Utility"
    },
    {
        "name": "Expelliarmus",
        "description": "Disarms an opponent.",
        "type": "Defensive"
    },
    {
        "name": "Protego",
        "description": "Creates a magical shield to block attacks.",
        "type": "Defensive"
    },
    {
        "name": "Finite Incantatem",
        "description": "Ends ongoing spells or effects.",
        "type": "Defensive"
    },
    {
        "name": "Petrificus Totalus",
        "description": "Completely petrifies the target.",
        "type": "Offensive"
    },
    {
        "name": "Stupefy",
        "description": "Temporarily stuns an opponent.",
        "type": "Offensive"
    },
    {
        "name": "Rictusempra",
        "description": "Makes the target laugh uncontrollably and weakens them.",
        "type": "Offensive"
    },
    {
        "name": "Incendio",
        "description": "Creates a flame.",
        "type": "Offensive"
    },
    {
        "name": "Crucio",
        "description": "Inflicts unbearable pain on the target.",
        "type": "Offensive"
    },
    {
        "name": "Imperio",
        "description": "Controls the actions of the target.",
        "type": "Offensive"
    },
    {
        "name": "Avada Kedavra",
        "description": "Causes instant death to the target.",
        "type": "Offensive"
    },
    {
        "name": "Expecto Patronum",
        "description": "Conjures a Patronus to repel Dementors.",
        "type": "Defensive"
    },
    {
        "name": "Diffindo",
        "description": "Cuts objects with precision.",
        "type": "Offensive"
    },
    {
        "name": "Confringo",
        "description": "Causes an explosion upon impact.",
        "type": "Offensive"
    },
    {
        "name": "Rennervate",
        "description": "Revives a stunned or unconscious person.",
        "type": "Defensive"
    },
    {
        "name": "Incarcerous",
        "description": "Conjures ropes to bind a target.",
        "type": "Offensive"
    }
]