{
  "Gryffindor": {
    "captain": "Harry Potter",
    "players": [
      "Harry Potter (Seeker)",
      "Ginny Weasley (Chaser)",
      "Katie Bell (Chaser)",
      "Demelza Robins (Chaser)",
      "Ron Weasley (Keeper)",
      "Jimmy Peakes (Beater)",
      "Ritchie Coote (Beater)"
    ]
  },
  "Slytherin": {
    "captain": "Draco Malfoy",
    "players": [
      "Draco Malfoy (Seeker)",
      "Cassius Warrington (Chaser)",
      "Graham Montague (Chaser)",
      "Urquhart (Chaser)",
      "Miles Bletchley (Keeper)",
      "Vincent Crabbe (Beater)",
      "Gregory Goyle (Beater)"
    ]
  },
  "Ravenclaw": {
    "captain": "Cho Chang",
    "players": [
      "Cho Chang (Seeker)",
      "Roger Davies (Chaser)",
      "Michael Corner (Chaser)",
      "Jeremy Stretton (Chaser)",
      "Grant Page (Keeper)",
      "Jason Samuels (Beater)",
      "Randall Phelps (Beater)"
    ]
  },
  "Hufflepuff": {
    "captain": "Cedric Diggory",
    "players": [
      "Cedric Diggory (Seeker)",
      "Heidi Macavoy (Chaser)",
      "Zacharias Smith (Chaser)",
      "Jason Samuels (Chaser)",
      "Herbert Fleet (Keeper)",
      "Anthony Rickett (Beater)",
      "Maxine O'Flaherty (Beater)"
    ]
  }
}